car_id,car_make,car_model,car_year,car_vin,car_color
1,Ford,Focus,2010,3D7TP2CT8AG527362,Teal
2,Ford,Club Wagon,1992,1G6KY54921U910950,Goldenrod
3,Ford,Windstar,2004,WAUUL58E45A922114,Orange
4,Mitsubishi,Mighty Max Macro,1992,4A31K3DT2AE038562,Crimson
5,Plymouth,Voyager,1994,2C3CA7CW5AH298632,Turquoise
6,Volvo,XC90,2010,1G6EL12Y91B540932,Yellow
7,Buick,Rainier,2004,1N6AF0KY6FN977478,Turquoise
8,Buick,Century,2002,3VW4T7AT4EM520973,Aquamarine
9,Bentley,Arnage,2006,SCFFDAAE9BG589351,Mauv
10,Chrysler,Sebring,1998,KM8JT3AF6FU226587,Orange
11,Ford,Taurus,2012,WVWAP7AN4DE826300,Indigo
12,Ford,Aspire,1997,ZFF60FCA7A0266314,Fuscia
13,Pontiac,Trans Sport,1992,WAUNF98P87A676739,Indigo
14,Volkswagen,Cabriolet,1988,1FTEW1E85AK009000,Puce
15,Chevrolet,Blazer,2004,1G6KD57Y79U600450,Red
16,Buick,Rainier,2006,WAUFFAFL8CN132542,Crimson
17,Aston Martin,Vantage,2011,WVWED7AJXCW882418,Crimson
18,Mazda,Miata MX-5,1992,1N6AA0EJ6FN054690,Pink
19,Honda,CR-V,2010,5GNRNJEE4A8828980,Purple
20,Ford,Flex,2012,1GYS3DEF0ER188715,Maroon
21,Suzuki,Sidekick,1993,WAUCF78K29N242098,Violet
22,Chevrolet,Impala,2003,1NXBU4EE5AZ537266,Violet
23,GMC,Rally Wagon 3500,1992,TRUUT28N061759874,Mauv
24,Ford,Escort,1999,WDDGF5EB1BR807653,Aquamarine
25,Dodge,Avenger,2009,WBAKP9C56FD918804,Aquamarine
26,Volvo,XC70,2006,5TDDK3DC7BS710157,Teal
27,Audi,90,1988,1N4AL2EP9DC774349,Aquamarine
28,Pontiac,6000,1985,1G6YV36A975404081,Purple
29,Buick,Park Avenue,1993,JM1NC2JF1E0679571,Aquamarine
30,Plymouth,Acclaim,1992,2B3CJ5DT9BH755188,Violet
31,Mercedes-Benz,W201,1986,1B3CB1HA7BD046531,Blue
32,Audi,A3,2006,JN1BJ0HP3FM548862,Fuscia
33,Toyota,Avalon,2005,ZFBCFABH6EZ383131,Pink
34,Mazda,MPV,1989,YV1612FH7D2482776,Khaki
35,GMC,Envoy XL,2005,1G6AC1R35F0776800,Aquamarine
36,Dodge,Grand Caravan,2000,5J6TF1H35FL942515,Purple
37,Lotus,Esprit,2003,WBALM7C58BE264720,Pink
38,Dodge,Magnum,2006,WAUFMBFC3EN673495,Violet
39,Jeep,Grand Cherokee,1998,1FTNS2EW8AD858610,Orange
40,Ford,Aerostar,1992,4A4JM2AS3BE360155,Goldenrod
41,Acura,RL,2008,5TFCY5F19CX770258,Puce
42,GMC,Sierra 1500,2008,WA1DGAFE9BD757359,Red
43,Audi,A8,2006,YV1622FS6C2955607,Indigo
44,BMW,8 Series,1992,WVWAP7ANXDE882905,Goldenrod
45,Nissan,Titan,2010,SCBZB25E32C855524,Maroon
46,Mazda,B-Series,2005,WUAAU34278N410267,Yellow
47,Infiniti,G35,2006,WVWAA7AJXBW560853,Green
48,Saab,900,1996,WP0AA2A89FK535889,Maroon
49,Chevrolet,Monte Carlo,2002,WBA3T7C55FP945222,Yellow
50,GMC,Sierra 1500,2010,2G61P5S33D9357126,Mauv
51,Lincoln,Town Car,1994,2C3CCAAG5EH895742,Crimson
52,Acura,SLX,1998,WA1MYAFE8AD880999,Puce
53,Bentley,Continental Super,2010,JTEBU5JR9D5276916,Orange
54,Mazda,MX-6,1996,WBAUP9C53DV339334,Orange
55,GMC,Safari,2003,WBAFZ9C52DC526448,Crimson
56,Dodge,Stratus,2005,1C4RDJDG1DC838602,Purple
57,Lincoln,Mark LT,2008,WBAVM5C52EV618295,Goldenrod
58,GMC,Vandura G3500,1996,1N4AB7AP9DN896574,Teal
59,Chevrolet,Silverado 3500,2005,WBASP2C5XDC209996,Turquoise
60,Pontiac,Vibe,2003,3C63DPNL9CG777541,Crimson
61,Lexus,LS Hybrid,2010,1D7RW3BKXBS183832,Pink
62,Mercury,Grand Marquis,1996,WAUHFBFL0AN625806,Maroon
63,Buick,LeSabre,1995,1D7RE3BK3BS821129,Khaki
64,Dodge,Ram 3500,2000,1G6DJ5EV4A0963276,Crimson
65,Lexus,ES,2006,WBA3B3C57DJ890848,Green
66,GMC,Yukon,2013,WBAKF3C57BE374317,Blue
67,Aston Martin,DB9,2008,WVGEF9BP5ED627727,Mauv
68,Mercedes-Benz,S-Class,1987,WAUNG94F39N334959,Maroon
69,Chevrolet,G-Series G30,1993,JM1NC2JF8B0914348,Pink
70,Chevrolet,Cobalt,2010,1G6DP8E34C0927606,Blue
71,Honda,Odyssey,2000,1G6KF549X2U748444,Teal
72,GMC,Yukon,1995,5J6TF2H55FL025310,Purple
73,Chevrolet,Corvette,1963,WBAFZ9C56CC193444,Red
74,Suzuki,Kizashi,2011,WBAWL13548P148828,Khaki
75,Mercedes-Benz,G-Class,2012,SCFAD01E69G843712,Yellow
76,Volvo,C30,2011,WA1DGBFE4ED623904,Red
77,Nissan,NV3500,2012,5UXFF0C57AL597744,Teal
78,Chevrolet,Malibu,2010,JTHBC1KS6A5135748,Purple
79,Dodge,Viper,2010,1G4GC5EC4BF755427,Maroon
80,Isuzu,Trooper,1992,YV1672MK9B2089341,Aquamarine
81,Dodge,Magnum,2006,3GYEK62N05G719807,Crimson
82,Tesla,Roadster,2011,KMHEC4A49EA807023,Orange
83,Pontiac,Firebird,1997,1GD021EG9FZ021595,Khaki
84,Ford,Probe,1991,WBAPH7C50BE983045,Blue
85,Dodge,Daytona,1984,5J6TF1H53EL507699,Purple
86,Pontiac,Grand Prix,1998,2C3CDXBGXDH595658,Teal
87,Ford,Explorer Sport Trac,2003,WAUAFAFH0AN695569,Khaki
88,Toyota,Tacoma Xtra,1998,WBAEU33493P552194,Khaki
89,Kia,Sportage,2000,1G6AJ1R35F0600884,Crimson
90,Oldsmobile,98,1993,3D73Y4CL9BG453508,Indigo
91,GMC,Savana 2500,2003,1D7RW7GP6AS673548,Blue
92,Mitsubishi,Diamante,2001,3C4PDDEG8FT527750,Goldenrod
93,Mitsubishi,Montero Sport,2002,5N1AR2MM7FC530519,Teal
94,Mercury,Mountaineer,2005,YV1612FS0E2008813,Mauv
95,Chevrolet,Silverado 3500HD,2006,1G6KD54Y51U224789,Teal
96,Acura,Integra,1988,WAUNF78P16A459195,Orange
97,Pontiac,Bonneville,1993,WAU4GAFB9AN032426,Maroon
98,Kia,Sedona,2008,JTHFF2C27F2623287,Orange
99,Toyota,Prius Plug-in,2012,SCFAB42322K188655,Red
100,Ford,Tempo,1990,WBAPK53579A339730,Turquoise
101,Jaguar,XJ,2006,3VW517AT8FM110009,Green
102,Porsche,968,1994,5UXWX9C50D0140443,Red
103,Pontiac,Grand Am,1987,5TDBKRFH3ES882645,Goldenrod
104,Volvo,S60,2005,1N4AA5AP0EC998849,Teal
105,Buick,Century,1999,WAUMF68P16A795337,Red
106,Lamborghini,Murciélago,2008,JH4DC54843S672270,Goldenrod
107,Lexus,RX Hybrid,2011,3D73M4CL7BG348669,Red
108,Ford,Mustang,1967,1FTEX1CM1DF171345,Yellow
109,Mercury,Grand Marquis,1991,1G6AV5S82E0865374,Purple
110,Ford,Explorer,2010,JTHKD5BH2F2661618,Green
111,Pontiac,Firebird,1968,JH4CU2F65CC002174,Aquamarine
112,Volkswagen,Fox,1991,WBAPK7C5XBF713851,Yellow
113,Hyundai,Santa Fe,2011,SCBBR53W36C998845,Yellow
114,Pontiac,6000,1990,1FMNE1BW6AD359726,Violet
115,GMC,Savana 1500,2007,5N1AA0NC5FN927944,Blue
116,Mercury,Grand Marquis,1989,JN8AZ2KR6AT349170,Violet
117,Aston Martin,V8 Vantage S,2012,JM1NC2JFXF0833826,Orange
118,Mercedes-Benz,600SEL,1992,WBA3A9C54DF707558,Mauv
119,Ram,Dakota,2011,1GD120EG0BF968647,Aquamarine
120,Acura,RSX,2004,19UYA42702A004453,Teal
121,Volkswagen,GTI,1995,5XXGM4A72CG560045,Fuscia
122,Aston Martin,DB9,2007,1FMJK1F52AE160871,Pink
123,Cadillac,Escalade,2005,5GAKVBKD8DJ254837,Khaki
124,Pontiac,Grand Prix,1984,5UXWX9C50F0554096,Blue
125,Ford,Thunderbird,1990,WAUVT68E73A123550,Blue
126,Chevrolet,Express 1500,2007,WVGAV3AX2EW611795,Turquoise
127,Dodge,Viper,2006,1FMJK1FT4FE260007,Green
128,GMC,1500 Club Coupe,1997,SCFAD01A37G481431,Maroon
129,Toyota,Camry,2011,1G6AS5S3XF0172583,Goldenrod
130,Ford,E150,2004,1G4PR5SK7F4027404,Green
131,Acura,Integra,1999,1G6DA5E53C0827675,Crimson
132,Land Rover,Defender,1997,WBAGN83413D706840,Red
133,Buick,Electra,1988,TRUUT28N431206835,Turquoise
134,Land Rover,Discovery,2010,5J6TF2H58FL901058,Yellow
135,Chevrolet,Suburban,2007,1GTPCTEX2AZ684740,Puce
136,Lincoln,Mark VIII,1996,WAUAF78E28A680045,Green
137,Dodge,Dakota Club,1996,1G6KH5E65BU882082,Khaki
138,Volkswagen,Jetta,2004,SCBFT7ZA5FC677853,Violet
139,Lotus,Esprit,2001,TRUTC28N811252838,Blue
140,BMW,5 Series,2006,1FTEX1CMXBF942981,Orange
141,Dodge,Caravan,2011,JM1NC2LFXD0746633,Pink
142,Mazda,RX-7,1988,WBAUC9C59DV940131,Fuscia
143,Honda,S2000,2004,JN8AS5MT1DW489953,Violet
144,Toyota,Venza,2013,TRUTC28N851328094,Turquoise
145,Dodge,Dakota Club,2000,WAUBF48H08K109306,Teal
146,Toyota,Avalon,2007,19XFA1E83AE598007,Turquoise
147,Toyota,MR2,1986,JN1AJ0HP3BM055611,Violet
148,Honda,Accord,1996,WBA1J7C57FV842442,Khaki
149,Volvo,C70,2013,1FMNE1BW0AD420679,Fuscia
150,Lexus,RX,1999,1D7RB1GT3BS101876,Green
151,Ford,Contour,1995,SCBLE37G83C468275,Yellow
152,Mazda,626,1995,WAUEFBFL3EN805032,Turquoise
153,Mercury,Sable,2009,JTDKN3DU0F0669855,Turquoise
154,Mazda,RX-8,2010,5J8TB18228A551377,Violet
155,Chevrolet,Camaro,1967,1FTEX1CM7BF553764,Blue
156,Mazda,626,1984,3GYVKNEF1AG067823,Fuscia
157,Ford,Ranger,2005,JM1GJ1T64E1728679,Yellow
158,Lotus,Elan,1991,WBAFV3C51ED862869,Yellow
159,Toyota,Sequoia,2012,1FMJU2A57AE168469,Indigo
160,Pontiac,Vibe,2004,WBASP2C51CC261998,Pink
161,Honda,del Sol,1994,5J8TB3H59GL817003,Indigo
162,Honda,Odyssey,1999,3C3CFFFH9CT929868,Khaki
163,Audi,RS6,2003,3C63D2GL8CG051850,Yellow
164,Nissan,Altima,1998,WBAYF8C58ED843223,Blue
165,Cadillac,CTS-V,2011,WVGAV7AX5AW150433,Aquamarine
166,Nissan,Xterra,2000,JTJBM7FX3E5577980,Khaki
167,Honda,Prelude,1993,2C3CCAJG7EH944973,Indigo
168,Audi,Coupe GT,1986,WAUYP54B91N694423,Blue
169,Pontiac,Grand Am,1994,JTDKN3DU9B0035003,Aquamarine
170,Nissan,Murano,2010,WBAWV1C54AP841592,Khaki
171,Pontiac,Firebird,1994,WAUSF98E57A173462,Maroon
172,Suzuki,SJ,1991,JTJBC1BA8C2377273,Purple
173,GMC,1500 Club Coupe,1999,WBANB53586C345060,Yellow
174,GMC,Savana,2006,19VDE3F79EE330865,Fuscia
175,Mitsubishi,Montero,2001,1C3BC6EV4AN399298,Maroon
176,Lexus,GS,1995,WAUJT64B62N418575,Pink
177,Volvo,XC90,2006,KL4CJCSB6EB852787,Maroon
178,Mercury,Cougar,1996,WBALM5C56AE668697,Khaki
179,Dodge,Neon,2005,JN8AF5MR7DT918524,Aquamarine
180,Ferrari,430 Scuderia,2008,JN1AJ0HP9BM511224,Pink
181,Mazda,Miata MX-5,1999,WAUPL68E64A871958,Purple
182,Dodge,Caliber,2012,1C4RDHEG5CC846918,Turquoise
183,Nissan,Murano,2009,WAULD64B03N608069,Puce
184,Suzuki,Swift,1995,3D73M4EL7BG669611,Yellow
185,Chevrolet,Corvette,2005,JN8AZ2KRXDT804638,Indigo
186,Volkswagen,New Beetle,2001,JHMZF1D6XES547863,Violet
187,Dodge,Ram,2008,JM1GJ1T65E1403877,Green
188,BMW,M3,1997,19UYA42661A872415,Green
189,Buick,Park Avenue,2003,1FTSF3A5XAE601050,Khaki
190,GMC,Sierra 3500,2005,1GYS3NKJ5FR535049,Violet
191,Ford,E-Series,2011,WBAPH7C51BA450743,Maroon
192,Mitsubishi,Outlander,2005,5N1AA0NDXFN776768,Blue
193,Chevrolet,Express 2500,2005,WA1VGAFP1FA319349,Fuscia
194,Nissan,Quest,2012,WBAAV33421E734114,Mauv
195,Jeep,Wrangler,1995,JH4DC53056S571173,Purple
196,Rolls-Royce,Phantom,2013,JN1EY1APXEM815051,Yellow
197,Buick,Century,1991,5UMDU93416L455046,Puce
198,Lotus,Esprit,1985,WBAYM1C50DD881119,Turquoise
199,BMW,X6,2009,JM1CR2W38A0226756,Pink
200,Lincoln,Continental,1985,WAU32AFD6FN252450,Purple
201,Aston Martin,DB9,2006,3C6JD6DK8CG851817,Orange
202,Mazda,Tribute,2001,JTDKN3DP4F3338561,Puce
203,Pontiac,Trans Sport,1995,WAUBH78E36A246776,Maroon
204,Pontiac,Grand Am,1992,WAUSF78K69N526071,Turquoise
205,Chevrolet,Express 2500,2005,5FRYD3H20FB814222,Red
206,Dodge,Durango,2012,3GYFNEE30ES888402,Violet
207,Mercedes-Benz,E-Class,1984,ML32A3HJ8FH513028,Pink
208,Chevrolet,Lumina,1992,1FMCU5K31AK996767,Khaki
209,Land Rover,Discovery,1998,WAURFAFR6DA305985,Goldenrod
210,Ford,F150,1999,JTHBK1GG7D2486746,Pink
211,Plymouth,Breeze,1999,1G6DP8ED9B0901462,Maroon
212,Chrysler,LHS,1997,KNADH4A38A6340762,Blue
213,Ford,Explorer Sport,2000,1C3CDWEA2CD180640,Indigo
214,GMC,Yukon,1997,WAUXU54B73N613524,Aquamarine
215,Mazda,RX-8,2005,3C4PDCAB5FT341894,Khaki
216,Audi,Q7,2011,WAUUL78E97A330044,Violet
217,Scion,tC,2009,JN8AF5MR3FT210760,Green
218,Ford,Escort,1991,1G6DM57N930611771,Turquoise
219,Nissan,Maxima,2011,2D4JN1AG7BR310312,Aquamarine
220,Mercedes-Benz,E-Class,2004,WBA3B5C57FP515358,Indigo
221,Volkswagen,Passat,1995,WAUFGBFB7AN690776,Violet
222,Chrysler,Crossfire,2004,SAJWA0F78F8049129,Fuscia
223,Mitsubishi,GTO,1994,WDDGF5EB7AF478005,Turquoise
224,Hyundai,Excel,1993,5N1AN0NW4DN549496,Crimson
225,Isuzu,Hombre Space,1997,1FAHP3DN6AW016827,Purple
226,Chevrolet,Colorado,2012,WBA3A5G53EN651977,Red
227,Volvo,S80,2004,JH4KA96594C591395,Red
228,Infiniti,QX56,2012,SAJWA1CZXE8715790,Puce
229,Hyundai,Genesis Coupe,2013,1FTMF1EW5AK912354,Green
230,Ford,Taurus,1987,1G6AB5R36E0991367,Orange
231,Toyota,Corolla,1995,WAUED54B81N489333,Yellow
232,Chrysler,Concorde,2004,WA1WKAFP3BA845138,Fuscia
233,Mercedes-Benz,Sprinter 2500,2011,WBAEW53435P985227,Violet
234,Pontiac,G5,2008,ZFBCFADH9FZ528757,Fuscia
235,Nissan,Quest,2004,WAUEKAFB2AN398456,Pink
236,Ford,Econoline E150,1995,SCFLDCFP4EG765266,Purple
237,Infiniti,G,1996,2C3CCAJGXDH495514,Red
238,Chevrolet,Express,2009,3D7TT2HT5AG653621,Teal
239,Buick,LeSabre,1988,3D73M4CL1BG714416,Purple
240,Ford,Ranger,2005,SAJWA1CB6CL528804,Green
241,Hyundai,Santa Fe,2009,WBA3B5G52DN521653,Blue
242,Lexus,HS,2011,WBAFR9C56DD278540,Mauv
243,Hyundai,Sonata,2011,JM1GJ1T64E1932799,Yellow
244,Chevrolet,3500,1999,JN1AZ4EH0EM394909,Red
245,Kia,Mohave/Borrego,2009,JN1AZ4EH8FM027998,Yellow
246,Lexus,LX,1998,1NXBU4EE5AZ825983,Red
247,Oldsmobile,Regency,1998,1C6RD6FP2CS196459,Khaki
248,Volkswagen,Golf,1988,3VWML7AJ3DM580661,Turquoise
249,Subaru,Impreza,1998,WBALM7C59EE093559,Purple
250,BMW,M,2001,2HNYD18734H107991,Goldenrod
251,Toyota,MR2,2000,JN8AE2KP4F9906334,Aquamarine
252,Mazda,Mazda3,2007,1N6AA0CC6EN528947,Blue
253,Dodge,Viper,2009,5N1AT2MK2FC816603,Orange
254,Ford,Taurus X,2009,1G6AY5S35E0671370,Aquamarine
255,GMC,Yukon XL 2500,2013,1GYS3DEFXBR236054,Red
256,Mercedes-Benz,400E,1993,KNAFU6A25C5617397,Khaki
257,Ford,E350,2003,KNDJT2A26D7016689,Fuscia
258,Cadillac,DTS,2006,JTJBM7FXXE5808602,Crimson
259,GMC,Envoy,2005,WAUFFAFM3CA296491,Aquamarine
260,Infiniti,QX,2004,5TDDK3DC8FS738684,Red
261,Chevrolet,Cavalier,1999,JM3TB2BA2D0988775,Blue
262,Chevrolet,Suburban 1500,2009,1C3CDFAA1DD789435,Turquoise
263,Lincoln,Town Car,1988,NM0KS6AN8AT574536,Khaki
264,BMW,7 Series,2006,1GD11ZCG9DF016761,Indigo
265,Toyota,Prius,2002,WBA3D3C54EF378642,Pink
266,BMW,5 Series,2010,1N6AD0CW0FN619389,Aquamarine
267,Chevrolet,Express,2006,JN8AZ1MU1EW321096,Mauv
268,Oldsmobile,Silhouette,2003,19UUA66214A844415,Teal
269,Ford,Club Wagon,1993,3VWF17AT7FM960931,Mauv
270,Nissan,Titan,2005,WDCGG0EB0FG174911,Maroon
271,Mazda,Protege5,2003,KMHTC6AD2EU498139,Aquamarine
272,Lincoln,MKX,2012,JN1AZ4EH6AM989015,Fuscia
273,Chevrolet,Corvette,1970,WBA3G7C50FK053882,Pink
274,Nissan,Pathfinder,2010,WA1DKBFP5BA776434,Violet
275,Cadillac,SRX,2005,WA1LMAFE3AD122978,Indigo
276,Isuzu,Amigo,1999,1B3CB4HA3AD575118,Yellow
277,Buick,Century,1984,3C63DPHL3CG939790,Violet
278,Plymouth,Laser,1994,1FTEW1CFXFK161217,Puce
279,Ford,Crown Victoria,2010,WAUDH98E08A492935,Indigo
280,Suzuki,Grand Vitara,2006,JH4CU2F66DC491217,Khaki
281,Mercedes-Benz,W123,1977,WBAWR33509P720604,Yellow
282,Hyundai,Santa Fe,2004,5UXFG2C57DL246684,Pink
283,Mazda,Familia,1992,1G4CU541744010701,Yellow
284,Lincoln,Navigator L,2007,1LNHL9DK3DG617511,Crimson
285,GMC,1500 Club Coupe,1993,WBANV135X9B226243,Pink
286,Chevrolet,Caprice Classic,1993,WAUVC68E02A356328,Orange
287,Ford,Explorer Sport,2003,3GYFNDE3XFS346803,Blue
288,Kia,Rio,2004,2FMDK3AC7AB950936,Goldenrod
289,Ford,Club Wagon,1998,1D7RE2GKXBS132188,Purple
290,Ford,E-Series,2010,WBAYB6C55FD657169,Orange
291,Volkswagen,Golf,2000,W04GP5EC8B1920718,Green
292,Toyota,Prius Plug-in Hybrid,2012,19UUA76547A750999,Violet
293,Buick,Lucerne,2009,1N6AF0KX4FN206251,Fuscia
294,Chevrolet,Silverado 1500,2012,1G6DH8E53D0052776,Green
295,Audi,A4,2011,5TDBCRFH2FS502225,Turquoise
296,Ford,Galaxie,1966,WBAWR33539P622067,Aquamarine
297,Pontiac,Trans Sport,1995,WAUDK78T38A413181,Blue
298,Mercedes-Benz,W201,1987,WBAVA37537N193857,Green
299,Honda,CR-V,1997,WAUDV74F59N324326,Goldenrod
300,Ford,Club Wagon,1993,1GD422CG3EF305976,Maroon
301,Mazda,B-Series Plus,1995,3C63DRAL1CG787529,Aquamarine
302,Toyota,Supra,1997,WBAVA37518N705844,Khaki
303,Pontiac,Bonneville,1998,2G4WE567851848809,Maroon
304,Toyota,Supra,1995,3D4PH6FV7AT336054,Goldenrod
305,Nissan,Quest,2006,3FAHP0HA6AR729381,Puce
306,Chevrolet,G-Series 2500,1997,1B3BD4FB3BN866280,Fuscia
307,Mercury,Grand Marquis,1995,1N6AA0CJ0EN510555,Yellow
308,Mitsubishi,Lancer,2005,1D4PT4GX6BW451582,Red
309,Ford,F350,1993,SALAC2D43BA208657,Teal
310,Volkswagen,Jetta,1990,JTHBE1BL6D5767687,Green
311,Isuzu,Space,1992,1GYS3JKJ7FR023074,Aquamarine
312,Nissan,Pathfinder,1994,3D4PG4FB3AT562752,Green
313,Chevrolet,Metro,1999,5UXWX5C59CL897010,Fuscia
314,Buick,Skylark,1992,1G6DK5E36D0303353,Khaki
315,Audi,80,1990,WUARU98E57N006098,Blue
316,Mazda,Mazda3,2009,WAUAFAFL8AN411013,Goldenrod
317,Hyundai,Scoupe,1994,3VW467AT8DM712063,Maroon
318,Suzuki,Grand Vitara,2007,1N6AA0CA7BN150065,Blue
319,Audi,riolet,1997,WAUJC68E74A482705,Orange
320,Acura,TSX,2012,19UYA42532A308116,Khaki
321,Chevrolet,Avalanche 2500,2006,JTEBU4BF2AK318502,Green
322,Honda,Civic Si,2006,WA1WMAFE7CD178079,Red
323,Volvo,S40,2008,WAUDH98E48A748994,Khaki
324,Volkswagen,Jetta,2003,19UUA9F2XEA333160,Puce
325,Chevrolet,Silverado 2500,1999,WBAGN83534D574920,Yellow
326,Chevrolet,Monte Carlo,2001,1N6AA0CC7EN653696,Green
327,Nissan,GT-R,2010,JHMZE2H55AS953859,Orange
328,Toyota,Echo,2004,WAUMV94E19N514515,Aquamarine
329,Dodge,Ram 3500,2001,5GAKVBEDXBJ762509,Turquoise
330,Ford,Windstar,1999,JTJBARBZ7F2344568,Yellow
331,Lotus,Elan,1992,JN1AZ4EH6CM373821,Teal
332,Hyundai,Sonata,2007,WAUAH74F46N344296,Blue
333,Mercury,Mariner,2008,JTDKN3DU1F0385408,Turquoise
334,Nissan,Pathfinder,2004,1FMJK1G58CE635750,Puce
335,Buick,Skylark,1987,2G4GS5EV3C9059754,Pink
336,Mazda,MX-6,1995,1N6AA0CH2EN142134,Puce
337,Audi,A3,2009,2C4RDGBG1ER146757,Purple
338,Porsche,Boxster,1998,WBALZ5C57CC575705,Turquoise
339,Ford,Escape,2009,JN8AS5MT2CW980658,Yellow
340,Mitsubishi,Galant,2011,WA1CMAFE8AD595582,Indigo
341,GMC,Yukon XL 1500,2001,19XFB2F50FE142366,Red
342,Mazda,Miata MX-5,1996,1G6AF5S35D0476924,Yellow
343,Subaru,Justy,1987,JHMZF1C69FS690922,Turquoise
344,Infiniti,G,2000,3VWF17AT3FM436966,Pink
345,GMC,Vandura 3500,1993,1N6AA0EJ5FN812437,Crimson
346,Ford,Focus,2013,2T2BK1BA4BC044084,Turquoise
347,Ford,Expedition EL,2007,WAUDF98E95A418205,Fuscia
348,Mazda,RX-7,1990,WBSCL93461L709578,Pink
349,Toyota,Camry,1997,WBABV13465J110550,Violet
350,Toyota,Celica,2005,JA32X8HW9AU546896,Puce
351,Volkswagen,Rabbit,2006,4A4AP3AU0DE997330,Khaki
352,Nissan,NV2500,2012,WAUBFAFL1CN603624,Purple
353,Lotus,Exige,2007,5TDBK3EH8DS645243,Purple
354,Nissan,Altima,1995,2C3CDZFJ4FH854875,Orange
355,Mercury,Cougar,1970,WBANN73556B873308,Mauv
356,Nissan,Xterra,2000,WA1LGBFE3CD334523,Puce
357,Volkswagen,Touareg 2,2009,JTHBB1BA2B2555133,Orange
358,Suzuki,Vitara,2003,1GD12ZCG8BF949318,Maroon
359,Audi,Coupe GT,1985,WAUAF78E28A398682,Red
360,Mercedes-Benz,S-Class,2001,WBSPM93519E534549,Green
361,Audi,A8,2010,JTEBU5JR6E5272100,Yellow
362,Subaru,Brat,1987,WBAWV5C55AP607663,Violet
363,Ford,Aerostar,1996,JTHBL5EF6E5046175,Yellow
364,Honda,Pilot,2002,5UMDU93508L379704,Indigo
365,Land Rover,Defender,1994,1FTWW3B54AE699850,Pink
366,Chevrolet,Cavalier,2001,5J6TF1H32EL610448,Fuscia
367,Volkswagen,rio,2002,1N6AF0LY5FN184428,Fuscia
368,Nissan,Xterra,2011,2FMGK5DCXAB154346,Crimson
369,GMC,Jimmy,2001,WBAKF5C59DJ190521,Pink
370,Pontiac,G5,2009,2G4WF551011333050,Purple
371,Mercedes-Benz,G-Class,2004,WA1CFAFP3DA318968,Mauv
372,Kia,Sportage,1996,WAUEFAFL5BA267835,Red
373,Ford,Focus,2005,3D73M3HL3BG577188,Orange
374,Volvo,XC90,2007,3GYFNGE36CS079155,Yellow
375,Ford,E350,2010,WA1LFBFP0DA217361,Khaki
376,Infiniti,G,2000,WVGAV7AX9CW154441,Maroon
377,Dodge,Monaco,1992,SCFEBBAK9DG364721,Green
378,Saab,9-7X,2009,1C3BCBFG3CN105112,Violet
379,Ford,Explorer Sport Trac,2006,WBA3V9C52F5404694,Khaki
380,Honda,Civic,2003,WAUKFAFL1DA600361,Teal
381,Dodge,Nitro,2007,WAUEFAFL8CN512735,Pink
382,Toyota,Paseo,1996,WBABN33431J128137,Red
383,Ferrari,599 GTB Fiorano,2009,1G6KD57Y64U003864,Fuscia
384,Oldsmobile,Silhouette,2003,1FTWW3A57AE153769,Violet
385,Ford,Ranger,2011,WAUVT68E62A028198,Pink
386,Volkswagen,Fox,1991,KNALN4D72E5770074,Indigo
387,Chevrolet,Astro,1993,WAUAFAFLXCN675188,Purple
388,Mitsubishi,Pajero,2003,3GYFNFEY7AS100842,Indigo
389,GMC,Yukon,2004,5UXZV4C52BL630285,Blue
390,Volvo,C70,2011,5N1AR1NB1BC015274,Fuscia
391,Audi,200,1991,3VW507AT8EM390208,Khaki
392,GMC,2500,1999,WBA3B5C55FP394331,Turquoise
393,Toyota,Corolla,2000,WBAEP33434P777722,Pink
394,Chevrolet,Avalanche 1500,2002,JM1NC2EF9A0156688,Mauv
395,Toyota,Avalon,1999,SCBCR73W08C586126,Purple
396,Saab,900,1999,1VWAS7A31FC899987,Pink
397,Toyota,Tacoma,2012,4JGBF2FEXCA379704,Orange
398,Lamborghini,Aventador,2012,3VW1K7AJ6CM907171,Teal
399,Acura,TL,2003,1N6AF0LXXEN269755,Teal
400,BMW,530,2001,JM1NC2LF4F0897549,Pink
401,GMC,Yukon XL 2500,2000,WAUMGAFL5AA245521,Teal
402,Maybach,57,2010,WBAKG1C53CE324789,Turquoise
403,Ford,Escort,1993,JTJHY7AX7D4822774,Red
404,Mitsubishi,Galant,1999,SALFR2BN7BH121870,Red
405,Ford,Focus,2005,1GYS4RKJ3FR844345,Mauv
406,Volkswagen,Touareg,2008,1FMJK1HT0FE154330,Turquoise
407,Chevrolet,Suburban 1500,2006,1G6DA8E53D0052975,Maroon
408,Maybach,57,2008,WAUDF98E86A219860,Pink
409,Lexus,RX,2006,WAUGL98E88A030456,Purple
410,Nissan,NV1500,2012,WAULD64B44N205519,Puce
411,Maybach,62,2012,YV1612FH8D2082953,Blue
412,Acura,MDX,2011,1N6AF0KY8FN625633,Turquoise
413,Nissan,Murano,2009,WVWAA7AJXCW524789,Green
414,GMC,Savana,2011,5N1AT2MK7FC238899,Turquoise
415,Ford,Ranger,2008,JTDKN3DP9C3372264,Puce
416,Chevrolet,K5 Blazer,1995,JTDKTUD30ED832529,Yellow
417,Maserati,228,1989,WAUBVAFA6AN669889,Khaki
418,GMC,Envoy,2005,5N1AZ2MH0FN578855,Turquoise
419,Dodge,Nitro,2008,WBAKB0C56BC270083,Violet
420,Pontiac,Aztek,2003,SCFEDCAD4AG848387,Turquoise
421,Eagle,Talon,1990,WAUBH74F57N285006,Mauv
422,Mazda,B-Series,2008,WBA4C9C5XFD467817,Purple
423,Chevrolet,Silverado 1500,2007,1C3CDZCB6DN440403,Red
424,Buick,Reatta,1989,WBALM7C59EE192124,Goldenrod
425,Chevrolet,Caprice,1977,WBANE73576B096162,Yellow
426,Mazda,RX-7,1994,TRUSC28N231406491,Green
427,Cadillac,Escalade ESV,2004,WBA3B1C56EK129485,Pink
428,Acura,RL,2012,WBSPM9C5XBE669941,Turquoise
429,Dodge,Journey,2009,WAUFEAFM5AA630567,Fuscia
430,Mercedes-Benz,E-Class,2004,WDCYC3HF1BX610112,Yellow
431,Suzuki,Vitara,2001,WBASP2C53CC135416,Purple
432,Eagle,Talon,1997,KNADH4A39B6291797,Indigo
433,Pontiac,Trans Sport,1990,5UXFG8C52BL473944,Aquamarine
434,Acura,TSX,2006,1GYFK66868R252745,Red
435,Land Rover,Discovery,2002,WBAPH57539N737986,Yellow
436,Kia,Amanti,2005,JM1CW2BL4C0280525,Purple
437,Chrysler,Concorde,1999,WBAYE0C5XED357033,Yellow
438,Nissan,Leaf,2011,5N1AR1NB8AC151884,Purple
439,Cadillac,Eldorado,2001,WBAEV53463K998261,Blue
440,Toyota,Paseo,1995,WAUGL98E27A685453,Mauv
441,Toyota,Tacoma,2012,3GYFNDEY1BS358618,Turquoise
442,GMC,Yukon XL 1500,2000,1G6DN57P090085831,Red
443,Lamborghini,Murciélago,2007,WA1CMAFE9BD562947,Aquamarine
444,Chevrolet,1500,1993,WAUVC58E12A639217,Turquoise
445,Land Rover,Defender Ice Edition,2010,JN1AV7AP6FM523618,Violet
446,Oldsmobile,88,1997,WBALZ3C55CD395041,Purple
447,Honda,CR-V,1997,2C3CDXBG3DH519277,Orange
448,Jeep,Commander,2010,WBA3T3C54EJ927952,Fuscia
449,Volkswagen,Scirocco,1988,3N1CN7AP0FL636922,Mauv
450,Plymouth,Prowler,1997,WUARU98E47N641619,Violet
451,Ford,Club Wagon,1998,WAUSF78E18A266825,Violet
452,Lincoln,Navigator L,2012,WAUMF68P76A726734,Indigo
453,Toyota,Land Cruiser,2008,WBAUP73598V941200,Pink
454,Mitsubishi,Galant,2005,KMHHU6KJ3FU798488,Pink
455,Pontiac,Grand Prix,1991,1G6DS1E39D0581365,Blue
456,Chevrolet,Express 1500,2005,WAUBF98E67A607050,Mauv
457,Acura,NSX,2002,WBALL5C59DE007009,Green
458,Audi,Q7,2008,JHMZE2H30DS319183,Turquoise
459,Kia,Rio,2005,WDCGG0EB2EG696518,Goldenrod
460,Bentley,Brooklands,2009,WBAUC9C53DV083501,Blue
461,Pontiac,Firefly,1986,1GTN1UEH4FZ078150,Green
462,Chrysler,Concorde,1993,1FTWW3B54AE075997,Indigo
463,Aston Martin,DBS,2009,SCBZU25E81C638592,Crimson
464,Lamborghini,Murciélago,2006,3C6LD5BT8CG148281,Mauv
465,Dodge,D250,1993,4A4AP3AU9FE252482,Violet
466,Mercedes-Benz,S-Class,2007,WAUEF98EX8A104197,Pink
467,Isuzu,Hombre Space,1997,JN8AZ2KR2ET636687,Indigo
468,Honda,Pilot,2008,19XFA1E30AE280754,Purple
469,Subaru,Impreza,1998,WAUBNAFB6AN545775,Green
470,GMC,Sierra 1500,2000,ZHWGU5AU1CL461946,Teal
471,Volvo,C70,2000,JH4DC54825S003370,Aquamarine
472,Mazda,RX-7,1985,2HNYB1H29AH260073,Teal
473,BMW,Z4,2006,JM1GJ1T64F1867907,Fuscia
474,Subaru,Legacy,2000,WAUSFAFL4CA282685,Green
475,Porsche,944,1985,WAUMF98P96A062776,Violet
476,Chevrolet,Cobalt SS,2007,1FTFW1E80AF278504,Purple
477,Infiniti,Q,1998,1G6DL67A780719805,Purple
478,Hyundai,Santa Fe,2012,1N6AA0CH3DN440643,Crimson
479,Mercedes-Benz,300CE,1993,3LNHL2GC5BR248085,Pink
480,Mazda,Millenia,1995,4T1BF3EK4BU689292,Khaki
481,Toyota,Camry Hybrid,2009,JM1NC2SF1F0774177,Blue
482,Suzuki,Equator,2010,5GADV23LX5D099450,Turquoise
483,Cadillac,Escalade,2003,SCBBR93W08C423578,Goldenrod
484,Toyota,Camry,2008,1G6DP5ED6B0143790,Puce
485,Honda,Civic,1997,WAUEV74F37N579977,Teal
486,Ram,1500,2012,WAUUL78E25A935262,Violet
487,Saab,9-3,2004,3VWA17AU8FM385760,Red
488,Hyundai,Sonata,2005,SAJWA1CZ4E8376895,Green
489,Land Rover,Range Rover,1997,1GYS3EEJ5DR284400,Red
490,Saab,9000,1992,4T1BD1FK5FU813360,Red
491,Suzuki,Grand Vitara,2010,WBA3B5G57FN606586,Maroon
492,Lexus,LS,1993,WAUKFBFL7BN109790,Orange
493,Hyundai,Accent,1999,3C3CFFJH9FT112508,Crimson
494,Toyota,Sienna,2006,5XXGM4A7XDG887438,Mauv
495,Mercedes-Benz,S-Class,2011,JM1NC2EF2A0005157,Blue
496,Ford,Probe,1990,WAUSH94F27N814150,Orange
497,Ford,E-Series,1994,2FMHK6DC4AB756976,Maroon
498,Pontiac,Vibe,2009,WAUVT68E53A067737,Violet
499,Pontiac,Grand Prix,1987,1N6AD0CU9AC228390,Blue
500,Pontiac,Grand Prix,1981,WAUKH78E86A370560,Puce
501,Subaru,Leone,1988,JN8AF5MV1FT267407,Crimson
502,Chevrolet,Express 2500,2012,WAUML64B33N378678,Khaki
503,Mercury,Tracer,1989,1FTWW3A58AE369081,Maroon
504,Lincoln,Navigator L,2012,WBAAV53481J134054,Yellow
505,Ford,Focus,2004,SCBCU7ZA7BC412510,Fuscia
506,Volvo,XC90,2010,5N1AN0NU1AC611622,Green
507,Mercury,Grand Marquis,2004,3D7JB1EP5AG314658,Mauv
508,Oldsmobile,Silhouette,1997,WP0AB2A85CS373770,Fuscia
509,Buick,Riviera,1995,1G6DM57T160505818,Violet
510,Saab,9000,1989,JN8AZ2NC6C9050186,Orange
511,Ford,Fiesta,2013,1G6AH5R35E0471417,Puce
512,Ford,Econoline E250,1997,1G6DK67V690625812,Red
513,Toyota,Camry,1996,1G6DS1E34C0446518,Goldenrod
514,Land Rover,Defender 90,1994,1GYEC638X8R503134,Fuscia
515,Infiniti,M,2011,3C3CFFFH0FT874084,Indigo
516,Mercedes-Benz,R-Class,2011,WAUNF78PX7A342703,Pink
517,Land Rover,Range Rover Sport,2010,3GTU2YEJ3BG388304,Turquoise
518,Ferrari,430 Scuderia,2008,2HNYD28219H846892,Khaki
519,Ford,F250,2001,1GD021EG9FZ178754,Maroon
520,Chevrolet,Suburban 2500,1998,WP0AA2A99ES046030,Yellow
521,Lincoln,Town Car,2002,SAJWA1CB1BL286938,Puce
522,Oldsmobile,Aurora,1997,3MZBM1U79EM567979,Blue
523,Volvo,S60,2005,WBALW7C52ED809332,Orange
524,Volkswagen,Routan,2012,1GTN1TEH2FZ921322,Green
525,Cadillac,DeVille,2000,TRUSX28N311529332,Goldenrod
526,Geo,Prizm,1992,5GAER23738J370088,Orange
527,Ford,Econoline E150,1994,1GYUKDEF2AR607251,Purple
528,Kia,Rio,2008,3VWML7AJ5EM084553,Aquamarine
529,Ford,Econoline E250,1999,SAJWA1EK4EM349915,Khaki
530,Ford,Expedition,2006,YV4960DL6A2138851,Goldenrod
531,Mitsubishi,Excel,1988,WBAFR9C5XDD532640,Violet
532,Ford,Taurus,1987,3D7TP2CT3AG404746,Yellow
533,Toyota,Celica,1996,WVWAB7AJ2CW902679,Violet
534,Subaru,Brat,1985,1FTEW1CM7EF670882,Blue
535,Mercedes-Benz,SLR McLaren,2009,JN1CV6EK1CM852661,Fuscia
536,Chevrolet,Tracker,2004,KMHGC4DD3CU290303,Crimson
537,Toyota,Corolla,2010,WAUED64B91N689787,Teal
538,Hyundai,Veracruz,2012,WA1WGBFP1EA506552,Fuscia
539,Nissan,Frontier,1998,JM1NC2LF5F0024697,Teal
540,Mazda,626,1987,WVWGU7AN3BE907630,Aquamarine
541,Nissan,Quest,2000,WBAYA8C50DD278916,Mauv
542,Nissan,Pathfinder,2012,5NPEB4AC0EH516496,Blue
543,Ford,Bronco,1987,1GYS3HEFXDR409095,Maroon
544,Toyota,Sequoia,2009,WAULL44E75N389387,Puce
545,Chevrolet,Cavalier,1997,WAUSH78E27A850353,Fuscia
546,Ford,F150,2003,1N6AA0CC8BN402617,Red
547,Volvo,S60,2001,WBA3A9C53FF353292,Khaki
548,Pontiac,Trans Sport,1995,19XFB4F22DE532786,Yellow
549,Pontiac,Grand Prix,2005,1FTSW3B50AE823871,Orange
550,Kia,Soul,2012,WA1YD64B32N971242,Green
551,Chevrolet,Sportvan G30,1994,19UUA655X5A572511,Turquoise
552,Subaru,Justy,1991,WAULC58E92A045109,Red
553,Saab,9-7X,2008,WUAUUAFG2EN006248,Indigo
554,Infiniti,Q,1993,JH4CU25629C388935,Goldenrod
555,Saab,9-3,2006,WBAFR7C56BC462190,Puce
556,Ford,Explorer Sport Trac,2006,19XFB2F51DE095104,Yellow
557,Lincoln,LS,2001,1FTWX3D57AE606328,Aquamarine
558,Chevrolet,G-Series G10,1993,5GAKVAKD7EJ405193,Orange
559,Dodge,Caravan,2002,2T1KE4EE9AC917645,Blue
560,BMW,3 Series,2003,WAUKH78E86A133552,Pink
561,Acura,MDX,2005,1GYFK66827R840110,Indigo
562,Mitsubishi,Galant,1987,WA1EY74L29D092434,Violet
563,Volkswagen,Fox,1992,3D7JV1EPXBG515044,Yellow
564,Lincoln,Town Car,1995,WAUDH94F08N604978,Blue
565,Mitsubishi,Diamante,2003,1GD02ZCG2EF483028,Maroon
566,Pontiac,Firefly,1984,1G6AK5S39F0652694,Purple
567,Volvo,V50,2009,1N6BF0KL2FN577345,Aquamarine
568,Volvo,S60,2001,YV4902BZ3E1671191,Blue
569,Land Rover,Discovery,2003,JH4KC1F32EC147111,Purple
570,Bentley,Continental,2012,1C3BC4FBXBN521995,Blue
571,Hyundai,Excel,1992,WAUFMAFC0EN500785,Pink
572,Cadillac,DTS,2007,1FMJK1G55EE690675,Mauv
573,Dodge,Ram 3500,2007,WBABW53465P187873,Yellow
574,Mercury,Cougar,1989,WBAVL1C58EV559748,Puce
575,GMC,Safari,1992,1FADP5AU8DL068682,Blue
576,Chevrolet,Cavalier,1999,WAUUL68E95A762110,Blue
577,Nissan,Maxima,1998,1G6KD57YX4U555626,Crimson
578,Ford,Taurus,1998,WAUDF48H29K589262,Crimson
579,Kia,Sedona,2010,WAUMR44E36N432207,Green
580,Dodge,Ram 1500 Club,1999,WAUGL98E15A358880,Violet
581,Ford,Mustang,2010,WAURD68D82A116398,Purple
582,Hyundai,Tiburon,2003,JN8AS5MT3CW156054,Fuscia
583,BMW,5 Series,1997,KM8NU4CC4AU603000,Purple
584,Suzuki,Vitara,2001,WAUEF48H28K901132,Maroon
585,Toyota,Celica,1994,WBANV93579C928769,Turquoise
586,Ford,Aspire,1995,JHMZF1D44ES262140,Violet
587,Chrysler,Town & Country,1996,WBAVA33518F668424,Orange
588,Cadillac,CTS,2011,1GT01ZCG1EF705081,Khaki
589,Suzuki,Aerio,2005,WP0AA2A96DS400777,Mauv
590,Suzuki,Reno,2006,WAUMGAFLXEA688365,Fuscia
591,Honda,Accord,2010,KNAFX6A88E5657570,Teal
592,Dodge,Stratus,1995,1C3BC2FB4BN628111,Orange
593,Dodge,Ram 1500,1998,KMHCM3AC7AU367964,Green
594,Chevrolet,Tahoe,2006,1FTWW3A55AE614435,Khaki
595,Land Rover,Range Rover,1989,SCBCR63W66C311030,Green
596,Toyota,Prius,2003,JH4CL95947C610345,Orange
597,Chevrolet,Metro,1998,3N1CN7AP0EL670387,Turquoise
598,Nissan,Frontier,2003,JN1CV6FE2FM379804,Crimson
599,Volkswagen,Rabbit,2009,1FTSW3B57AE312125,Indigo
600,Chevrolet,Tahoe,2011,WAUSF78E16A096740,Aquamarine
601,Infiniti,Q,2003,5J6TF1H35BL635453,Red
602,Honda,CR-V,2011,2HNYD18216H392956,Purple
603,Audi,A4,2012,1G6DC5EG4A0189168,Aquamarine
604,BMW,8 Series,1994,WUAUUAFG4EN170651,Teal
605,Lincoln,Continental,1995,WBA3N3C53EF347055,Pink
606,Chevrolet,Express 2500,2010,1G4GE5G35FF438172,Khaki
607,Chevrolet,Express 1500,1998,WBAKF5C5XDE584389,Orange
608,Hyundai,Accent,1999,3C4PDCDG9CT019441,Goldenrod
609,Ford,Escape,2002,5TDBCRFH5FS261034,Purple
610,Jeep,Grand Cherokee,2009,1C3CCBBB9CN383415,Yellow
611,Lotus,Esprit,1994,1G6DF5EG6A0120649,Violet
612,Toyota,Highlander,2008,1FTFW1E80AF539257,Indigo
613,Toyota,Avalon,1997,KMHTC6AD6DU818416,Turquoise
614,Lincoln,Continental Mark VII,1990,2C3CK6CT7AH899618,Khaki
615,Alfa Romeo,164,1993,JN8AS5MT7CW436401,Violet
616,Rolls-Royce,Phantom,2013,5J6TF1H59DL089132,Purple
617,Mazda,B-Series,2006,KM8JT3AB5CU798629,Khaki
618,Jeep,Compass,2008,5UXFG83529L861394,Green
619,Mazda,MPV,2001,WBAVC93568K512092,Puce
620,Mitsubishi,Challenger,2002,JN1AZ4FH0FM644147,Orange
621,Dodge,Ram 1500 Club,1999,WAUCFAFCXFN325282,Orange
622,Mitsubishi,Mirage,1990,1G6DM57T370458163,Green
623,Mercedes-Benz,SLK-Class,2002,2G4GK5EX2F9592183,Red
624,Lexus,GS,1999,3FADP4AJ8FM216900,Violet
625,Buick,LeSabre,1990,3G5DA03EX5S670541,Turquoise
626,Volkswagen,Rabbit,2008,5NPEB4AC0CH936031,Teal
627,Chrysler,Crossfire,2006,1FTEX1CM4BF266432,Puce
628,Ford,Th!nk,2000,JTHBB1BA7B2182624,Goldenrod
629,BMW,M3,2010,JHMZE2H56AS397478,Crimson
630,Jeep,Cherokee,2001,WAUEH78E36A919563,Indigo
631,Mazda,Tribute,2008,WP0CA2A88DK327783,Crimson
632,Infiniti,QX,2003,WBAEA53569C782272,Green
633,Infiniti,FX,2004,WBAWC7C5XAE045773,Green
634,Lincoln,Town Car,2010,WBA3C1C54FP876195,Blue
635,Ford,F250,1997,WAUAF98E67A572974,Mauv
636,Dodge,Stealth,1996,WBASN2C57AC070394,Mauv
637,Chevrolet,Tracker,2000,1FTSW2B51AE480868,Yellow
638,Volvo,V40,2004,WBAPH5G56BN605584,Violet
639,Hyundai,Elantra,2012,1G6DB1ED2B0687047,Fuscia
640,Nissan,Pathfinder,1993,WAUCD54B64N589538,Crimson
641,Hyundai,Elantra,2005,WBAUP7C58DV204094,Green
642,Hyundai,Accent,2009,1C3CDWEA4CD144478,Orange
643,Volkswagen,GTI,2011,WBABV13426J276145,Green
644,Jaguar,S-Type,2005,3FA6P0D92DR478575,Aquamarine
645,Mitsubishi,Galant,2001,KMHTC6AD1EU346627,Crimson
646,Mercury,Sable,1996,3D4PG5FV0AT914234,Teal
647,Toyota,Camry,1992,2HNYD189X4H723494,Turquoise
648,Jeep,Compass,2009,WDCGG0EB9FG159873,Green
649,Mercedes-Benz,C-Class,2009,YV4612HM9F1115903,Orange
650,Mercury,Milan,2009,JM1NC2LF4C0120333,Goldenrod
651,Subaru,Legacy,2009,JTEBU5JR9F5228318,Red
652,Chevrolet,Suburban 2500,2005,WAUDK78T69A163548,Red
653,Scion,xA,2005,JH4NA21664T469050,Red
654,Honda,Accord,1989,1GYFC16269R724066,Indigo
655,Infiniti,FX,2004,5NPDH4AE1CH757900,Yellow
656,Chevrolet,Impala,2012,JTDKTUD33ED616531,Aquamarine
657,Audi,A6,2012,3FA6P0SU3DR026710,Turquoise
658,Hyundai,Entourage,2007,WBABN33452J154224,Indigo
659,Chevrolet,Avalanche,2012,137FA84371E201492,Pink
660,Ford,Bronco,1985,JN8AZ2KR8ET751360,Blue
661,Toyota,Solara,2008,55SWF4JB7FU903545,Blue
662,GMC,Sierra,2012,WBAWL13538P805702,Pink
663,Austin,Mini,1963,3D73M4CLXBG929874,Red
664,Shelby,GT350,1969,5TDDK3DC7CS372843,Orange
665,Isuzu,Rodeo,2000,1G6DV5EP6E0221988,Fuscia
666,Porsche,Cayenne,2003,WAUKFBFL3EA946077,Pink
667,Ford,Escort,1994,WAULC58E04A524313,Yellow
668,Oldsmobile,Cutlass Cruiser,1993,WBAPH7C50BE140883,Red
669,Audi,Allroad,2002,KNAGM4AD6E5279103,Pink
670,Infiniti,QX,2012,WVGAV7AX2FW118417,Maroon
671,BMW,3 Series,2003,1FTEW1C8XAK309599,Puce
672,GMC,Sierra 2500,2005,WBA1K5C56FV328731,Indigo
673,Chevrolet,Tahoe,2006,4JGBF2FE4BA144939,Khaki
674,Acura,NSX,2005,3D7TT2CT4AG250043,Violet
675,Buick,Rainier,2005,YV1612FS0E2963837,Maroon
676,Mazda,CX-7,2009,5N1AT2ML6EC941207,Purple
677,Chrysler,Town & Country,1993,5N1AN0NW0DN384286,Fuscia
678,GMC,Sierra 1500,2013,1FTEW1CW4AF710573,Violet
679,Volvo,940,1994,WAUAH74F66N502606,Mauv
680,Lincoln,Mark VII,1984,WBSBR934X2E787023,Violet
681,Corbin,Sparrow,2004,WBAPN7C56AA457954,Orange
682,Ford,Focus,2005,1G4HP54K32U091568,Violet
683,Audi,TT,2011,JTHBL5EF3F1841063,Pink
684,Chevrolet,Malibu,2009,SALWR2TF9FA666118,Goldenrod
685,Chevrolet,Impala,1995,WVGAV7AX7FW209201,Maroon
686,Saab,9-5,2011,WDDEJ7GB8DA791015,Puce
687,MINI,Cooper Clubman,2010,2LMDJ6JK6BB403791,Maroon
688,Pontiac,GTO,1972,3VW517AT3EM288893,Orange
689,Dodge,Durango,2007,JTEBU5JRXB5393207,Turquoise
690,Ford,F150,1992,WAUDV94F68N931636,Puce
691,Dodge,Caliber,2012,WAUAF68EX5A526950,Teal
692,Lexus,GX,2005,5N1AA0ND4FN226420,Yellow
693,Chrysler,Voyager,2001,2T2BK1BA6EC282684,Violet
694,Chevrolet,Camaro,1996,2G4WF551711250215,Red
695,Hyundai,Elantra,2003,JH4DC23121S263247,Pink
696,Infiniti,Q,1992,JTHBL1EF7A5738741,Purple
697,BMW,7 Series,2000,1VWAP7A38EC687829,Goldenrod
698,Ford,Expedition EL,2010,JM1NC2JF7D0248697,Puce
699,Hyundai,Sonata,2000,WBA1F9C55FV684146,Maroon
700,Mazda,Mazdaspeed 3,2012,WBALX5C51CC176844,Puce
701,Mazda,Miata MX-5,1997,JTDBT4K36B4692761,Red
702,Chevrolet,Classic,2004,WUALNAFG8EN863621,Indigo
703,Toyota,Corolla,2000,WAUKF98E86A976636,Crimson
704,Maybach,57S,2005,WAUBH74F48N308583,Blue
705,Volkswagen,Jetta,2010,1FTEX1C82AF333367,Teal
706,Pontiac,Sunfire,2002,1G6DH5E57D0787081,Violet
707,Chevrolet,Tracker,2004,WAULT64BX4N846225,Khaki
708,Cadillac,Sixty Special,1993,137ZA83391E729825,Orange
709,Infiniti,J,1995,JTDZN3EU9FJ765698,Orange
710,Chevrolet,Venture,2002,JTEBU5JR9B5879121,Pink
711,Jaguar,XK,2010,1N6AD0CW0EN037419,Yellow
712,Mitsubishi,Raider,2009,SCBCC41N69C908716,Goldenrod
713,Mazda,CX-7,2010,SCBZB25E42C034254,Yellow
714,GMC,Savana 2500,2006,JN8AZ2NC0F9515954,Teal
715,Mazda,B-Series Plus,2001,3C4PDCAB2CT024246,Turquoise
716,Nissan,Frontier,2010,YV1982BWXA1230292,Mauv
717,Mitsubishi,Montero Sport,2003,WAUAVAFDXCN277717,Pink
718,Ford,Fusion,2013,JTEBU4BF0CK037866,Turquoise
719,Hyundai,Scoupe,1992,19UUA66264A161139,Red
720,Chevrolet,Express 2500,1996,1D7CW2BK7AS112716,Orange
721,Lexus,IS F,2010,3VWJP7AT9CM063792,Aquamarine
722,Jeep,Grand Cherokee,2011,WAUDL94F26N520799,Maroon
723,Lexus,GS,1995,WBAYF8C59FD895719,Green
724,Chevrolet,Cobalt,2006,WBSKG9C51DJ489534,Maroon
725,Cadillac,DTS,2006,1FTEX1EW9AK432884,Orange
726,Chevrolet,Lumina APV,1993,WBAUC73589V769058,Fuscia
727,GMC,Savana 2500,2011,WAULH64BX1N330881,Fuscia
728,Volvo,C70,2008,WAUFEBFM5CA204869,Turquoise
729,Honda,Prelude,1999,1N6AF0KY8FN085247,Indigo
730,Hyundai,Sonata,2012,WBA3N3C55FK153460,Violet
731,Oldsmobile,Aurora,1997,WP0CA2A82BS452243,Blue
732,Mercedes-Benz,SLS-Class,2011,1GYS4SKJ0FR327964,Blue
733,Chrysler,Cirrus,1998,JN8AZ2KR5DT690161,Blue
734,Nissan,Sentra,2004,WAU3GAFR0EA988139,Puce
735,Bugatti,Veyron,2011,JTHKD5BH1F2913360,Purple
736,BMW,600,1957,WVGEF9BP5ED605386,Red
737,Cadillac,Seville,2000,3C4PDCDG6CT996312,Mauv
738,GMC,Envoy,2003,1FTWW3A58AE845622,Yellow
739,GMC,Sonoma,2004,WBABD53476P583480,Red
740,Lincoln,MKZ,2010,2C3CCARG3EH383935,Khaki
741,Honda,Passport,2001,WA1VMAFE6ED074309,Teal
742,Mitsubishi,Mighty Max,1993,5J8TB4H56EL453819,Yellow
743,Hyundai,Elantra,1994,JN1AZ4EH4FM167305,Blue
744,Daewoo,Leganza,2002,WP0AB2A82CS505741,Indigo
745,Mercury,Sable,2002,1FTKR1AD5AP687844,Goldenrod
746,Honda,Civic,2012,WAULT64B93N220468,Fuscia
747,Chevrolet,2500,1998,1G6AB5R39D0767265,Turquoise
748,Saab,9-3,2004,2HNYD18746H512826,Blue
749,Land Rover,LR3,2008,3GYFNJE45AS505260,Violet
750,Porsche,Cayman,2010,JHMZF1C60ES435431,Red
751,GMC,Terrain,2010,WBABN334X3P621555,Indigo
752,Bentley,Continental Flying Spur,2009,2HNYD28209H961371,Teal
753,BMW,M5,2003,WAUBFAFL6FN308104,Blue
754,Nissan,Armada,2007,1FTEW1CM7CK755449,Crimson
755,Chevrolet,Silverado 3500,2001,WAUKH98EX8A280938,Khaki
756,Chrysler,PT Cruiser,2009,WAULC68E62A417883,Aquamarine
757,Subaru,Outback,2009,WAUBNBFB4BN516864,Violet
758,Ford,Fiesta,2013,JHMZF1C63ES117643,Pink
759,Pontiac,Grand Prix,2001,1C4RDJDG0EC942919,Purple
760,Ford,Econoline E150,2001,WAUHF78P96A296552,Yellow
761,Audi,80,1992,JH4CL96976C628514,Maroon
762,Ford,Falcon,1966,2FMGK5BC6BB478947,Purple
763,Dodge,Caravan,1992,SCFFDCBD8AG258521,Violet
764,Kia,Sorento,2009,JHMZE2H72ES156461,Red
765,Honda,Civic,1999,2C3CDXGJ0CH688871,Khaki
766,Lexus,IS,2003,2T1KE4EE6CC456164,Orange
767,Eagle,Talon,1993,TRUTC28N221902314,Mauv
768,Ford,Escape,2000,WAUEFBFL3DN671315,Fuscia
769,Bentley,Continental,2011,5J8TB4H71GL095789,Violet
770,Toyota,FJ Cruiser,2009,KMHD35LH3FU991537,Purple
771,Mercedes-Benz,GLK-Class,2011,1GYS4KEF9ER393631,Fuscia
772,Suzuki,Reno,2005,3D73Y4EL6BG156290,Turquoise
773,Nissan,200SX,1995,WVGAV7AX4CW392603,Purple
774,Isuzu,Rodeo,2003,WAUKD78P89A260206,Green
775,Buick,LaCrosse,2011,WAUDH78E56A173905,Aquamarine
776,Dodge,Dakota Club,2004,2T1BU4EE5DC972388,Turquoise
777,GMC,Jimmy,2001,WA1MYAFE0AD291381,Yellow
778,BMW,3 Series,2000,1G6DB8E59E0513983,Yellow
779,Acura,TL,1996,WAUPL58E65A464914,Red
780,Acura,TL,1996,1G6DK5EV2A0408470,Puce
781,Ford,Explorer,2009,SCFFDABE9CG226399,Aquamarine
782,Lotus,Elise,2006,2C4RDGDG9CR247183,Green
783,Chevrolet,Suburban 1500,2011,WBAXG5C51DD576318,Teal
784,BMW,7 Series,2000,1FADP3E28EL010909,Purple
785,Toyota,Avalon,2006,3N1CN7AP2EL521026,Maroon
786,Chevrolet,Express 1500,2008,1G6KF57904U407049,Indigo
787,Pontiac,Grand Prix,1965,SAJWA4DC2AM118081,Fuscia
788,Oldsmobile,Cutlass Supreme,1992,1C4SDJCT3DC923778,Purple
789,Hummer,H2,2005,1G4GB5EG0AF499081,Indigo
790,Mercury,Villager,1996,5BZAF0AA9EN429450,Teal
791,Isuzu,Trooper,1997,WBA3A9C50EF754507,Khaki
792,Honda,Insight,2000,1G6DK5EG7A0465250,Mauv
793,Cadillac,Fleetwood,1996,JH4KA96582C939796,Aquamarine
794,Lotus,Elise,2010,WAU4FBFL7BA910784,Blue
795,Chevrolet,1500,1995,5J6TF1H30FL306083,Fuscia
796,Lincoln,Town Car,2004,1GKS1AE02BR948553,Goldenrod
797,Mitsubishi,Lancer,2005,KNAFK4A69E5543885,Indigo
798,Saab,9-5,2011,JTEBU5JR7D5221557,Yellow
799,Chevrolet,Monte Carlo,1999,WVGEF9BP5DD643117,Goldenrod
800,Toyota,Camry Hybrid,2010,5N1BA0NE3FN167146,Mauv
801,Eagle,Vision,1995,1G6KH5E64BU338429,Maroon
802,Ford,F-Series,1993,WAUKF78E76A649231,Khaki
803,Hyundai,Santa Fe,2010,1FTEX1CW6AK778135,Purple
804,Volkswagen,Beetle,1965,1G6DL67A290526379,Yellow
805,GMC,Savana 3500,2000,3D7TP2CTXBG188413,Green
806,Mercury,Cougar,1997,1FAHP3DN6AW789412,Violet
807,Ford,Thunderbird,1984,SCBBR93W578801685,Indigo
808,Dodge,Ram 1500,2009,WA1EY94L68D384341,Red
809,Lexus,IS,2008,4T1BF1FK4EU693009,Purple
810,BMW,3 Series,2005,YV1672MW9B2478242,Purple
811,Mazda,Millenia,1997,WAULT68E65A035020,Green
812,GMC,Envoy,2002,1GD22ZCG4CZ715066,Aquamarine
813,Subaru,Forester,1998,5FRYD3H20GB421340,Indigo
814,Mazda,MPV,1998,1G6DA1ED5B0320730,Pink
815,Chrysler,Imperial,1992,JH4DC53002C675512,Indigo
816,Smart,Fortwo,2009,KNADH5A31A6095812,Orange
817,Chrysler,LHS,1996,3C63DRML5CG207968,Goldenrod
818,Infiniti,JX,2013,SCFPDCGP1EG261256,Crimson
819,Oldsmobile,Cutlass,1999,1C4SDHCT6DC018721,Mauv
820,Infiniti,G35,2004,1D7RW3BK2BS089430,Red
821,Ford,Bronco II,1988,WAULC68E12A559171,Indigo
822,Chevrolet,Silverado,1999,WBAWB33599P859795,Goldenrod
823,Toyota,Corolla,1994,WUARL48H14K600233,Mauv
824,Volkswagen,Eos,2009,TRUSX28N921150871,Green
825,Plymouth,Grand Voyager,1993,2G61T5S34E9917409,Blue
826,Ford,Courier,1986,KMHTC6AD3CU898451,Orange
827,Chevrolet,Equinox,2006,1G6DT57V580045344,Crimson
828,Geo,Prizm,1997,5UXKS4C50F0341200,Khaki
829,Ford,Mustang,1980,3FA6P0D93DR759509,Pink
830,Lincoln,Town Car,1985,1FTWW3B56AE324834,Pink
831,Ford,Bronco,1989,1G6KF57914U722197,Orange
832,Lamborghini,Gallardo,2012,3N1CN7AP2DL934451,Mauv
833,Mitsubishi,Lancer,2006,1GYFK43838R259371,Maroon
834,Ford,Crown Victoria,2007,5N1AR1NB5BC165193,Khaki
835,Dodge,D150 Club,1993,WAUWKAFR7AA986362,Green
836,BMW,Z3,1998,1N6AA0CJ9EN045404,Indigo
837,Saab,9-4X,2011,JH4DB75561S547982,Teal
838,Maserati,Karif,1990,5FRYD3H47FB554032,Goldenrod
839,Dodge,Ram 3500,2004,5XYKT3A16DG755498,Orange
840,Scion,xB,2004,1D7RV1CT4BS242887,Blue
841,Mercedes-Benz,E-Class,1988,5UXKR0C57F0458812,Yellow
842,Honda,Accord,2000,1N6AF0LY5FN430247,Mauv
843,Pontiac,GTO,2005,WBSWL93538P149088,Turquoise
844,Oldsmobile,Ciera,1993,5N1AA0NE4FN746786,Mauv
845,Toyota,Corolla,2006,1C4NJPBA6FD991868,Teal
846,Acura,TSX,2012,WAUSF78E98A223673,Orange
847,Buick,Verano,2012,4T1BF1FK6EU813859,Pink
848,Audi,TT,2004,5J6TF1H59EL084093,Green
849,Mitsubishi,Lancer,2006,WAUFGBFB0BN613166,Puce
850,Audi,V8,1991,WAU4FAFR2DA802638,Blue
851,Saturn,Ion,2003,2G4WB52K321220834,Turquoise
852,Lexus,LS Hybrid,2011,YV126MECXF1265426,Purple
853,Buick,Coachbuilder,1994,WVGAV7AX8AW247917,Yellow
854,BMW,530,2006,WBA3K5C58FK729823,Puce
855,Plymouth,Voyager,1998,2G61T5S34E9302178,Khaki
856,Cadillac,Escalade ESV,2011,5UXFG8C55CL254574,Green
857,Dodge,Dakota,2009,1C4SDJCT7FC063936,Red
858,Chevrolet,G-Series G20,1993,JTHBE5C29C5410810,Blue
859,Buick,Century,1988,WUATNAFG2CN347655,Crimson
860,Jaguar,S-Type,2006,1FTWW3B50AE169617,Blue
861,BMW,X5,2013,JTMHY7AJ5E4629796,Khaki
862,Cadillac,CTS,2005,1GD21ZCG3DZ047166,Indigo
863,Hyundai,Accent,2007,1N4AB7AP6EN784476,Mauv
864,Acura,NSX,2000,JH4KC1F51FC718123,Goldenrod
865,Ford,F-Series,2007,3VWML7AJ0DM975798,Pink
866,Mitsubishi,Outlander,2006,JN8AZ2KR5BT238353,Khaki
867,Ford,F250,2000,1G6KD57YX3U219070,Purple
868,Pontiac,Bonneville,1987,5TFCY5F15CX485699,Turquoise
869,Mercedes-Benz,M-Class,2009,JN1CV6AP8BM637942,Violet
870,Volkswagen,rio,1998,4JGDA2EBXEA613261,Green
871,Volkswagen,Jetta,2000,JTDJTUD34DD881761,Red
872,Subaru,Legacy,1997,3LNHL2GC9AR150627,Violet
873,Chevrolet,Volt,2011,1FTSW2B5XAE004148,Teal
874,Mitsubishi,Montero Sport,2000,WBAPL5G5XBN714807,Puce
875,Subaru,Forester,2002,1FTSX2B50AE810819,Indigo
876,Mercedes-Benz,500E,1993,KNADM4A34F6030580,Goldenrod
877,Land Rover,Discovery,2006,1GD21XEG3FZ165089,Turquoise
878,Mazda,Mazda6,2010,SCFEBBAC4AG551756,Turquoise
879,GMC,Yukon XL 2500,2002,JTJBM7FX8B5306859,Yellow
880,Pontiac,Grand Am,1992,WA1BY94LX8D738316,Aquamarine
881,Chevrolet,G-Series 2500,1998,WBA6B2C59FG312354,Crimson
882,Nissan,Armada,2005,WBANN73526C229484,Pink
883,Ford,E150,2004,2G4G05GV3B9149360,Aquamarine
884,Scion,tC,2013,JN1CV6EL3EM326026,Mauv
885,Kia,Amanti,2006,WBABS53431J247360,Teal
886,Ford,Contour,1998,3FAHP0DC7BR678806,Purple
887,Pontiac,Safari,1988,WBAAX13425P866265,Aquamarine
888,Pontiac,G6,2007,5N1AR2MM0DC586301,Violet
889,Audi,A3,2007,2G4WB55K441305874,Orange
890,Lamborghini,Murciélago,2002,WAUBF98E58A895791,Teal
891,Mazda,Miata MX-5,1996,2C3CA4CD3AH578157,Puce
892,Dodge,Neon,1997,19UUB2F72FA812688,Teal
893,Nissan,Sentra,2005,JN8AZ2KR0CT604835,Goldenrod
894,Toyota,Camry,2010,WP0AA2A92AS986163,Violet
895,Mazda,MX-5,2007,3D73M4CL4AG144748,Orange
896,Lamborghini,Diablo,1994,WAU4FBFL2CA876058,Violet
897,Isuzu,Trooper,2001,WAUXF98K99A352666,Khaki
898,Ford,Escort,2000,1FTWF3D57AE905997,Goldenrod
899,Ford,Probe,1989,JTDKTUD31ED363242,Teal
900,Chrysler,Town & Country,1998,KNAGM4AD8C5263045,Indigo
901,Ford,Fusion,2008,JTHDU1EF7C5102782,Violet
902,Dodge,Ram 2500,2007,5J8TB4H38EL090034,Fuscia
903,BMW,3 Series,1998,JN8AS5MTXCW077058,Fuscia
904,Dodge,Caravan,1985,WAUED54B61N275067,Mauv
905,Chevrolet,G-Series G20,1993,1G6AS5SX0E0352785,Khaki
906,Buick,Regal,1994,5UXFF0C52AL529240,Crimson
907,Volvo,S80,2010,WAUBGAFB6BN530477,Indigo
908,Mercedes-Benz,CLK-Class,2001,JN8AZ2KR6AT561129,Khaki
909,Mitsubishi,3000GT,1995,1FTEW1E81AF280368,Yellow
910,Chevrolet,SSR,2006,1G6DA5EY5B0433572,Red
911,Lincoln,LS,2000,WBAVB33526K389632,Aquamarine
912,Subaru,Legacy,1998,JHMZF1D49FS478728,Orange
913,Lincoln,Town Car,1994,2C3CDXEJ6EH280039,Aquamarine
914,Suzuki,Aerio,2005,3D7JB1EK9BG452032,Crimson
915,Chevrolet,3500,1997,1FM5K7B82EG876944,Teal
916,Lincoln,Navigator L,2012,KNAFT4A22D5193363,Khaki
917,Kia,Sorento,2009,KM8NU4CC1AU797761,Fuscia
918,Mercedes-Benz,E-Class,1985,1C3CDFCBXFD607837,Teal
919,Saab,900,1992,WAUDH98E07A164834,Aquamarine
920,Chrysler,Cirrus,1996,5N1BA0ND8FN043171,Teal
921,Infiniti,G,1996,3D7LT2ET0AG215934,Puce
922,Toyota,4Runner,1997,JH4KB2F63CC065579,Indigo
923,Ford,Ranger,1994,SCFFDAAE7CG338622,Crimson
924,Pontiac,LeMans,1968,3GYFNGEY2BS522931,Red
925,GMC,Canyon,2011,5GAEV13D29J753033,Goldenrod
926,Honda,Accord,1989,1FMJK1JT3FE219388,Crimson
927,Acura,MDX,2002,WAUKF78E67A437793,Violet
928,Mitsubishi,Truck,1995,1N6AA0CC3AN434308,Aquamarine
929,Dodge,Nitro,2010,5N1AN0NW9EN152562,Teal
930,BMW,545,2005,3GTXCYEJ6AG816083,Red
931,Ford,Probe,1992,SCFEFBBC7AG882785,Violet
932,Mercury,Grand Marquis,1994,2C3CDYCJ5CH974372,Maroon
933,GMC,Savana 2500,2007,WBANE73517B420756,Crimson
934,Mitsubishi,Challenger,2002,1G6KD57YX2U380758,Fuscia
935,Subaru,SVX,1997,1D4RE4GG2BC643361,Mauv
936,Land Rover,Range Rover Sport,2011,1J4PN2GK9AW841603,Khaki
937,Kia,Optima,2003,WA1VFAFL4EA601144,Indigo
938,Buick,Century,1997,WBAUN1C57AV970381,Green
939,Toyota,Sequoia,2003,KNADH4A35A6434596,Goldenrod
940,Chevrolet,Silverado,2009,1G6AW5SX0F0159509,Red
941,Mercedes-Benz,S-Class,1996,5UMBT93567L166572,Green
942,BMW,M3,1998,1G4HE57Y37U605755,Puce
943,Ford,E350,2005,1N4AA5AP2DC352999,Pink
944,Mitsubishi,Truck,1987,WAUWMAFC4FN035378,Red
945,Mercury,Mountaineer,2001,JH4CL969X6C480746,Violet
946,Hyundai,Accent,1996,1N6AF0LY7FN593174,Yellow
947,Mercury,Topaz,1989,1FTMF1EW1AK167084,Puce
948,Honda,Odyssey,2008,137FA84371E760492,Pink
949,Mitsubishi,Challenger,2004,1C4NJPBA4DD123963,Pink
950,Mercury,Sable,2002,WBA3X9C59FD550218,Mauv
951,Pontiac,Parisienne,1984,WA1UFBFL7DA362978,Turquoise
952,Oldsmobile,Achieva,1998,KL4CJGSB5FB232473,Indigo
953,Ford,Freestyle,2005,1G6AD5S31D0777521,Puce
954,BMW,M6,2010,2C3CA4CD0AH970030,Violet
955,Lexus,IS-F,2009,1N4AB7AP4EN031948,Aquamarine
956,Oldsmobile,Achieva,1996,2C3CDZAT9FH353098,Orange
957,GMC,Acadia,2010,2HNYD18892H799454,Green
958,Ford,Thunderbird,1997,JN1AY1AR2DM537230,Teal
959,Mercedes-Benz,Sprinter 3500,2012,WAUVT54B43N673609,Teal
960,Buick,Rainier,2005,JM3KE2BE2E0548823,Green
961,Honda,Accord,1998,5UMDU93547L949430,Indigo
962,BMW,525,2002,1N4AL2AP5BN062881,Purple
963,Toyota,Previa,1992,JHMZF1C4XDS901962,Aquamarine
964,Pontiac,Grand Prix Turbo,1990,SCBGU3ZA5DC446040,Mauv
965,Mitsubishi,Lancer,2010,WBAPK7C55BA822473,Goldenrod
966,Lexus,RX,2010,5FRYD4H6XEB491823,Mauv
967,Maybach,62,2003,WDDGF4HB0CR296573,Violet
968,Volkswagen,New Beetle,2002,5N1AA0NC9BN628077,Maroon
969,Mitsubishi,Pajero,1985,WAUVFAFH0DN791014,Goldenrod
970,Mazda,Tribute,2010,WAUGFAFR3EA830186,Indigo
971,Ford,C-MAX Hybrid,2013,1G6DF8EG5A0116397,Pink
972,Mazda,RX-7,1987,3C3CFFDR1FT337977,Pink
973,Chevrolet,Corsica,1992,5N1AN0NU4AC457651,Green
974,Aston Martin,DBS,2009,TRURD28N461356449,Mauv
975,Maybach,57,2003,3C4PDCGB0FT543095,Teal
976,Honda,Accord,2005,JTDKN3DP9E3217071,Mauv
977,Lincoln,Town Car,1992,3D7JV1EP4AG659316,Crimson
978,Kia,Forte,2010,WDDUG7JB8EA949907,Goldenrod
979,Mazda,RX-7,1984,1G6DG577090906338,Pink
980,Porsche,911,1992,WBAKA8C52AC709232,Blue
981,Saab,9-7X,2009,WBAKF3C59BE570372,Green
982,Lincoln,Continental,1999,1FMJK2A55AE887726,Khaki
983,Toyota,Tacoma Xtra,1997,5FRYD4H6XGB216620,Yellow
984,Chevrolet,Express,2009,1N6AA0CA2CN475045,Violet
985,Hyundai,Sonata,2013,1GTN1UEH9EZ099493,Indigo
986,Nissan,Titan,2010,WAUAFAFL3AN042755,Puce
987,Volvo,XC70,2009,1N6AF0LX6EN441067,Indigo
988,GMC,Yukon XL 2500,2003,5N1AA0NC6AN299997,Violet
989,GMC,Yukon XL 2500,2013,KMHHT6KD8BU864962,Mauv
990,Porsche,911,1992,WBAUN7C50DV329371,Purple
991,Chevrolet,Venture,2003,1G4GE5EV6AF372115,Violet
992,Cadillac,Seville,1999,WAULFAFH7CN404366,Violet
993,Lexus,RX,2002,WBA3V5C54EP313616,Blue
994,Saturn,Astra,2008,1GYEC63N26R010048,Indigo
995,Dodge,Charger,1969,WA1DVAFE6AD238967,Khaki
996,Ford,Probe,1989,KNAFT4A28C5107682,Turquoise
997,Hyundai,Accent,2010,2C3CDXGJ3FH707773,Mauv
998,Plymouth,Laser,1993,WAULC58E94A723120,Yellow
999,Mercury,Capri,1994,1G6DF577390424949,Aquamarine
1000,Mitsubishi,Galant,2005,1FAHP3DN5AW596894,Yellow
